web-scraper-order,product, price ,url,desc,img,store,state,postcode,,,,,
1660018886-51,Uncle Tobys Oats Quick Sachets Creamy Honey, $2.90 ,https://shop.coles.com.au/a/national/product/sachets-creamy-honey,Uncle Tobys Oats Quick Sachets Creamy Honey 350g on special,https://shop.coles.com.au/wcsstore/Coles-CAS/images/3/9/9/3992629.jpg,COLES,NSW,2060,,,,,
1660018915-63,Nestle KitKat Milk Chocolate Bar, $1.00 ,https://shop.coles.com.au/a/national/product/nestle-kit-kat-chocolate-bar,Nestle KitKat Milk Chocolate Bar 45g on special,https://shop.coles.com.au/wcsstore/Coles-CAS/images/1/3/6/136512.jpg,COLES,NSW,2060,,,,,
1660018850-36,Hask Argan Oil Shampoo, $8.00 ,https://shop.coles.com.au/a/national/product/hask-argan-shampoo,Hask Argan Oil Shampoo 355mL on special half price,https://shop.coles.com.au/wcsstore/Coles-CAS/images/2/9/4/2940175.jpg,COLES,NSW,2060,,,,,
1660018847-35,99th Monkey Natural Almond Butter, $3.50 ,https://shop.coles.com.au/a/national/product/99th-monkey-natural-almond-butter,99th Monkey Natural Almond Butter 200g on special,https://shop.coles.com.au/wcsstore/Coles-CAS/images/3/2/9/3299568.jpg,COLES,NSW,2060,,,,,
1660018910-61,Dolmio Extra Bolognese Pasta Sauce, $1.75 ,https://shop.coles.com.au/a/national/product/dolmio-extra-pasta-sauce-bolognese,Dolmio Extra Bolognese Pasta Sauce 500g on special half price,https://shop.coles.com.au/wcsstore/Coles-CAS/images/1/2/7/1274373.jpg,COLES,NSW,2060,,,,,
1660018880-49,Mars Bar Fun Size 12 Piece, $2.50 ,https://shop.coles.com.au/a/national/product/mars-bar,Mars Bar Fun Size 12 Piece 192g on special,https://shop.coles.com.au/wcsstore/Coles-CAS/images/4/3/8/4382463.jpg,COLES,NSW,2060,,,,,
1660018888-52,Biozet Attack Liquid Plus Eliminator, $12.00 ,https://shop.coles.com.au/a/national/product/biozet-attack-plus-eliminator-laundry-liquid,Biozet Attack Liquid Plus Eliminator 2L on special,https://shop.coles.com.au/wcsstore/Coles-CAS/images/3/4/6/3465157.jpg,COLES,NSW,2060,,,,,
1660018878-48,Vittoria Freeze Dried Classic Instant Coffee, $5.50 ,https://shop.coles.com.au/a/national/product/freeze-dried-classic-instant-coffee,Vittoria Freeze Dried Classic Instant Coffee 100g on special,https://shop.coles.com.au/wcsstore/Coles-CAS/images/4/7/3/4737401.jpg,COLES,NSW,2060,,,,,
1660018859-40,Pacific West Frozen Cocktail Spring Rolls, $5.75 ,https://shop.coles.com.au/a/national/product/pacific-west-spring-rolls-cocktail-mega-value-pack-frozen,Pacific West Frozen Cocktail Spring Rolls 1kg on special,https://shop.coles.com.au/wcsstore/Coles-CAS/images/4/6/7/4675530.jpg,COLES,NSW,2060,,,,,
1660018861-41,Mission Original Burrito 12 Tortillas, $2.25 ,https://shop.coles.com.au/a/national/product/mission-burrito-tortillas-12-pack,Mission Original Burrito 12 Tortillas 576g on special,https://shop.coles.com.au/wcsstore/Coles-CAS/images/6/7/6/6767709.jpg,COLES,NSW,2060,,,,,
1660018875-47,Golden Circle Golden Pash Tetra, $1.35 ,https://shop.coles.com.au/a/national/product/golden-circle-fruit-drink-golden-pash,Golden Circle  Golden Pash Tetra 1L on special half price,https://shop.coles.com.au/wcsstore/Coles-CAS/images/5/1/2/5127235.jpg,COLES,NSW,2060,,,,,
1660018864-42,Gillette Venus Sensitive Disposable Razors, $5.00 ,https://shop.coles.com.au/a/national/product/gilllette-venus-disposable-razor-sensitive,Gillette Venus Sensitive Disposable Razors 3 pack on special half price,https://shop.coles.com.au/wcsstore/Coles-CAS/images/6/5/1/6519922.jpg,COLES,NSW,2060,,,,,
1660018912-62,Campbell's Country Ladle Soup Can Creamy Chicken, $1.75 ,https://shop.coles.com.au/a/national/product/campbells-country-ladle-soup-creamy-chicken,Campbell's Country Ladle Soup Can Creamy Chicken 500g on special,https://shop.coles.com.au/wcsstore/Coles-CAS/images/9/6/8/9680312.jpg,COLES,NSW,2060,,,,,
1660018843-33,Finish Rinse Aid 0% Dishwasher, $4.50 ,https://shop.coles.com.au/a/national/product/finish-0-dishwasher-rinse-aid,Finish Rinse Aid 0% Dishwasher 400mL on special,https://shop.coles.com.au/wcsstore/Coles-CAS/images/3/5/1/3514194.jpg,COLES,NSW,2060,,,,,
1660018866-43,Finish Lemon Dishwasher Cleaner, $4.50 ,https://shop.coles.com.au/a/national/product/finish-dishwasher-cleaner-lemon,Finish Lemon Dishwasher Cleaner 250mL on special,https://shop.coles.com.au/wcsstore/Coles-CAS/images/7/5/5/7556017.jpg,COLES,NSW,2060,,,,,
1660018922-66,Suimin Chicken Noodle Noodle Cup, $0.92 ,https://shop.coles.com.au/a/national/product/suimin-noodles-cup-chicken-noodle,Suimin Chicken Noodle Noodle Cup 70g on special half price,https://shop.coles.com.au/wcsstore/Coles-CAS/images/6/8/6/6861445.jpg,COLES,NSW,2060,,,,,
1660018898-56,OMO Active Clean Top & Front Loader Laundry Liquid Detergent, $12.00 ,https://shop.coles.com.au/a/national/product/omo-active-clean-front-top-loader-laundry-liquid-2731007p,OMO Active Clean Top & Front Loader Laundry Liquid Detergent 2L on special,https://shop.coles.com.au/wcsstore/Coles-CAS/images/2/7/3/2731007.jpg,COLES,NSW,2060,,,,,
1660018845-34,Arnott's Honey Soy Chicken Cracker Chips, $2.25 ,https://shop.coles.com.au/a/national/product/arnotts-chips-cracker-honey-soy-chicken,Arnott's Honey Soy Chicken Cracker Chips 150g on special half price,https://shop.coles.com.au/wcsstore/Coles-CAS/images/3/4/4/3449398.jpg,COLES,NSW,2060,,,,,
1660018891-53,Gold Sunset Canola Oil, $16.00 ,https://shop.coles.com.au/a/national/product/gold-sunset-canola-oil,Gold Sunset Canola Oil 4L on special,https://shop.coles.com.au/wcsstore/Coles-CAS/images/3/2/3/3234008.jpg,COLES,NSW,2060,,,,,
1660018871-45,Cheezels Original Cheese Snacks, $1.50 ,https://shop.coles.com.au/a/national/product/cheezels-cheese,Cheezels Original Cheese Snacks 125g on special,https://shop.coles.com.au/wcsstore/Coles-CAS/images/7/8/7/7879468.jpg,COLES,NSW,2060,,,,,
1660018908-60,Loacker Gran Pasticceria Tortina Biscuit Original, $2.25 ,https://shop.coles.com.au/a/national/product/loacker-tortina-hazelnut,Loacker Gran Pasticceria Tortina Biscuit Original 126g on special half price,https://shop.coles.com.au/wcsstore/Coles-CAS/images/7/2/2/7220923.jpg,COLES,NSW,2060,,,,,
1660018829-27,Bulla Murray St Ice Cream Raspberry Shortcake 4 Pack, $7.00 ,https://shop.coles.com.au/a/national/product/raspberry-shortcake-4pk,Bulla Murray St Ice Cream Raspberry Shortcake 4 Pack 400mL on special,https://shop.coles.com.au/wcsstore/Coles-CAS/images/4/4/5/4455385.jpg,COLES,NSW,2060,,,,,
1660018896-55,Vege Chips Deli Crisps Original, $3.25 ,https://shop.coles.com.au/a/national/product/vege-deli-crips-original-blend,Vege Chips Deli Crisps Original 100g on special,https://shop.coles.com.au/wcsstore/Coles-CAS/images/2/8/9/2898261.jpg,COLES,NSW,2060,,,,,
1660018920-65,Gatorade Fierce Blue Bolt Sports Drink, $1.90 ,https://shop.coles.com.au/a/national/product/gatorade-sport-drink-blue-bolt,Gatorade Fierce Blue Bolt Sports Drink 600mL on special,https://shop.coles.com.au/wcsstore/Coles-CAS/images/6/1/5/6157082.jpg,COLES,NSW,2060,,,,,
1660018893-54,Chobani Flip Strawberry Shortcake Yoghurt, $1.75 ,https://shop.coles.com.au/a/national/product/chobani-flip--strawberry-cheesecake-yoghurt,Chobani Flip Strawberry Shortcake Yoghurt 140g on special,https://shop.coles.com.au/wcsstore/Coles-CAS/images/2/9/7/2974982.jpg,COLES,NSW,2060,,,,,
1660018900-57,Bref Duo Cubes 2 in 1 Formula Cistern Block Toilet Cleaner 2 pack, $3.00 ,https://shop.coles.com.au/a/national/product/bref-duo-cubes-2-in-1-formula-cistern-block-toilet-cleaner-2-pack,Bref Duo Cubes 2 in 1 Formula Cistern Block Toilet Cleaner 2 pack 100g on special,https://shop.coles.com.au/wcsstore/Coles-CAS/images/2/7/3/2731630.jpg,COLES,NSW,2060,,,,,
1660018854-38,Plumrose Leg Ham, $6.25 ,https://shop.coles.com.au/a/national/product/plumrose-leg-ham-118565p,Plumrose Leg Ham 450g on special,https://shop.coles.com.au/wcsstore/Coles-CAS/images/1/1/8/118565.jpg,COLES,NSW,2060,,,,,
1660018905-59,Decor Match Ups Container 2L, $4.00 ,https://shop.coles.com.au/a/national/product/decor-match-ups-container-oblong-blue-2l,Decor Match Ups Container 2L  on special half price,https://shop.coles.com.au/wcsstore/Coles-CAS/images/1/8/9/1898776.jpg,COLES,NSW,2060,,,,,
1660018927-68,Kettle Sea Salt Potato Chips, $2.75 ,https://shop.coles.com.au/a/national/product/kettle--potato-chips-sea-salt,Kettle Sea Salt Potato Chips 165g on special,https://shop.coles.com.au/wcsstore/Coles-CAS/images/8/1/5/8156535.jpg,COLES,NSW,2060,,,,,
1660018824-25,Fairy Handwash Lemon, $4.75 ,https://shop.coles.com.au/a/national/product/lemon-800ml,Fairy Handwash Lemon 800mL on special,https://shop.coles.com.au/wcsstore/Coles-CAS/images/5/1/1/5110571.jpg,COLES,NSW,2060,,,,,
1660018903-58,Cadbury Breakaway Milk Chocolate Biscuit, $2.00 ,https://shop.coles.com.au/a/national/product/cadbury-breakaway-milk-chocolate-biscuit,Cadbury Breakaway Milk Chocolate Biscuit 180g on special half price,https://shop.coles.com.au/wcsstore/Coles-CAS/images/2/2/3/2239312.jpg,COLES,NSW,2060,,,,,
1660018857-39,Ansell Pink Silverlined Gloves Size 8, $1.80 ,https://shop.coles.com.au/a/national/product/ansell-pink-silverlined-gloves-size-8,Ansell Pink Silverlined Gloves Size 8 1 pair on special,https://shop.coles.com.au/wcsstore/Coles-CAS/images/4/3/9/439649.jpg,COLES,NSW,2060,,,,,
1660018826-26,Sard Super Power Spray, $3.00 ,https://shop.coles.com.au/a/national/product/super-power-spray,Sard Super Power Spray 420mL on special,https://shop.coles.com.au/wcsstore/Coles-CAS/images/4/4/7/4471188.jpg,COLES,NSW,2060,,,,,
1660018918-64,Continental Cup A Soup Creamy Chicken With Lots Of Noodles Serves 2, $1.20 ,https://shop.coles.com.au/a/national/product/continental-cup-a-soup-lots-a-noodles-cream-of-chicken,Continental Cup A Soup Creamy Chicken With Lots Of Noodles Serves 2 60g on special,https://shop.coles.com.au/wcsstore/Coles-CAS/images/2/5/5/255646.jpg,COLES,NSW,2060,,,,,
1660018831-28,Queen Victoria English Breakfast Tea Bags, $5.50 ,https://shop.coles.com.au/a/national/product/english-breakfast-3984755p-1,Queen Victoria English Breakfast Tea Bags 100 pack on special,https://shop.coles.com.au/wcsstore/Coles-CAS/images/3/9/8/3984755.jpg,COLES,NSW,2060,,,,,
1660018873-46,Air Wick Freesia & Jasmine Reed Diffuser, $5.50 ,https://shop.coles.com.au/a/national/product/air-wick-reed-diffuser-freesia-jasmine,Air Wick Freesia & Jasmine Reed Diffuser 50mL on special,https://shop.coles.com.au/wcsstore/Coles-CAS/images/1/1/4/1149327.jpg,COLES,NSW,2060,,,,,
1660018836-30,Botanica Vanilla & Himalayan Magnolia Candle, $8.50 ,https://shop.coles.com.au/a/national/product/botanica-candle-vanilla-hmlyn-magnolia,Botanica Vanilla & Himalayan Magnolia Candle  on special,https://shop.coles.com.au/wcsstore/Coles-CAS/images/3/7/2/3721370.jpg,COLES,NSW,2060,,,,,
1660018840-32,Bic Multi Purpose Lighter, $5.50 ,https://shop.coles.com.au/a/national/product/bic-mega-utility-lighter-bic-mega-utility-lighter,Bic Multi Purpose Lighter  on special half price,https://shop.coles.com.au/wcsstore/Coles-CAS/images/3/6/6/3660287.jpg,COLES,NSW,2060,,,,,
1660018925-67,Cuddly Sunshine Fresh Fabric Conditioner, $4.50 ,https://shop.coles.com.au/a/national/product/cuddly-ultra-fabric-softener-sunshine-fresh,Cuddly Sunshine Fresh Fabric Conditioner 1L on special,https://shop.coles.com.au/wcsstore/Coles-CAS/images/7/3/1/7319306.jpg,COLES,NSW,2060,,,,,
1660018868-44,Dove Women Antiperspirant Roll On Deodorant Original, $2.25 ,https://shop.coles.com.au/a/national/product/dove-original-anti-perspirant-deodorant-roll-on,Dove Women Antiperspirant Roll On Deodorant Original 50mL on special half price,https://shop.coles.com.au/wcsstore/Coles-CAS/images/8/0/6/8063489.jpg,COLES,NSW,2060,,,,,
1660018838-31,Smash Blue Stainless Steel Barista Buddy 350mL, $9.00 ,https://shop.coles.com.au/a/national/product/smash-stainless-stel-barista-buddy-350ml,Smash Blue Stainless Steel Barista Buddy 350mL  on special half price,https://shop.coles.com.au/wcsstore/Coles-CAS/images/3/6/4/3649284.jpg,COLES,NSW,2060,,,,,
1660018833-29,Glen 20 Air Disinfectant Pure Fresh Water, $5.50 ,https://shop.coles.com.au/a/national/product/glen-20-air-disinfectant-pure-fresh-water,Glen 20 Air Disinfectant Pure Fresh Water 283g on special,https://shop.coles.com.au/wcsstore/Coles-CAS/images/3/7/4/3742053.jpg,COLES,NSW,2060,,,,,
1660018852-37,La Zuppa Tuscan Chicken & Vegetables With Rice Soup Pouch, $2.50 ,https://shop.coles.com.au/a/national/product/la-zuppa-soup-pouches-chicken-tuscan-veg-rice,La Zuppa Tuscan Chicken & Vegetables With Rice Soup Pouch 540g on special,https://shop.coles.com.au/wcsstore/Coles-CAS/images/1/1/6/1163317.jpg,COLES,NSW,2060,,,,,
1660018882-50,Radiant Laundry Liquid Mixed Colour Wash, $10.00 ,https://shop.coles.com.au/a/national/product/mixed-colour-wash,Radiant Laundry Liquid Mixed Colour Wash 2L on special,https://shop.coles.com.au/wcsstore/Coles-CAS/images/4/1/4/4144250.jpg,COLES,NSW,2060,,,,,
1660019452-91,Ansell Pink Silverlined Gloves Size 9, $1.80 ,https://shop.coles.com.au/a/national/product/ansell-pink-silverlined-gloves-size-9,Ansell Pink Silverlined Gloves Size 9 1 pair on special,https://shop.coles.com.au/wcsstore/Coles-CAS/images/5/5/3/5531707.jpg,COLES,NSW,2060,,,,,
1660019429-81,Bref Deluxe Active Gel Lovely Jasmine, $3.00 ,https://shop.coles.com.au/a/national/product/lovely-jasmine-600ml,Bref Deluxe Active Gel Lovely Jasmine 600mL on special,https://shop.coles.com.au/wcsstore/Coles-CAS/images/5/1/5/5150747.jpg,COLES,NSW,2060,,,,,
1660019473-99,Cove By Earth Choice Surface Cleaner, $5.00 ,https://shop.coles.com.au/a/national/product/cove-by-earth-choice-surface-cleaner,Cove By Earth Choice Surface Cleaner 475mL on special,https://shop.coles.com.au/wcsstore/Coles-CAS/images/3/7/4/3742326.jpg,COLES,NSW,2060,,,,,
1660019490-106,G Active Berry Flavoured Electrolyte Water, $1.90 ,https://shop.coles.com.au/a/national/product/g-active--electrolyte-water-berry,G Active Berry Flavoured Electrolyte Water 600mL on special,https://shop.coles.com.au/wcsstore/Coles-CAS/images/2/9/2/2925830.jpg,COLES,NSW,2060,,,,,
1660019457-93,Loacker Gran Pasticceria Tortina Biscuit Dark Chocolate, $2.25 ,https://shop.coles.com.au/a/national/product/loaker-tortina-dark-chocolate,Loacker Gran Pasticceria Tortina Biscuit Dark Chocolate 126g on special half price,https://shop.coles.com.au/wcsstore/Coles-CAS/images/7/2/2/7220934.jpg,COLES,NSW,2060,,,,,
1660019405-71,Uncle Tobys Oats Quick Sachets Creamy Vanilla, $2.90 ,https://shop.coles.com.au/a/national/product/sachets-creamy-vanilla,Uncle Tobys Oats Quick Sachets Creamy Vanilla 350g on special,https://shop.coles.com.au/wcsstore/Coles-CAS/images/3/9/9/3992684.jpg,COLES,NSW,2060,,,,,
1660019499-110,Continental Cup A Soup Creamy Chicken & Corn With Croutons Serves 2, $1.20 ,https://shop.coles.com.au/a/national/product/continental-cup-a-soup-chicken-corn-with-croutons,Continental Cup A Soup Creamy Chicken & Corn With Croutons Serves 2 60g on special,https://shop.coles.com.au/wcsstore/Coles-CAS/images/9/1/5/9151559.jpg,COLES,NSW,2060,,,,,
1660019402-70,Vittoria Freeze Dried Italian Instant Coffee, $5.50 ,https://shop.coles.com.au/a/national/product/freeze-dried-italian-instant-coffee,Vittoria Freeze Dried Italian Instant Coffee 100g on special,https://shop.coles.com.au/wcsstore/Coles-CAS/images/4/7/3/4737434.jpg,COLES,NSW,2060,,,,,
1660019448-89,Dove Antiperspirant Invisible Dry Roll On Deodorant For Men, $2.25 ,https://shop.coles.com.au/a/national/product/dove-men-care-invisible-dry-anti-perspirant-roll-on-deodorant,Dove Antiperspirant Invisible Dry Roll On Deodorant For Men 50mL on special half price,https://shop.coles.com.au/wcsstore/Coles-CAS/images/1/7/2/1723466.jpg,COLES,NSW,2060,,,,,
1660019468-97,Tyrrells Hand Cooked Lightly Salted Crisps, $2.75 ,https://shop.coles.com.au/a/national/product/lightly-salted-crisps,Tyrrells Hand Cooked Lightly Salted Crisps 165g on special,https://shop.coles.com.au/wcsstore/Coles-CAS/images/4/3/8/4383896.jpg,COLES,NSW,2060,,,,,
1660019475-100,Finish Quantum Ultimate Pro Lemon Dishwash Tablets, $9.50 ,https://shop.coles.com.au/a/national/product/finish-dishwash-quantum-ultimate-pro-lemon-3679128p,Finish Quantum Ultimate Pro Lemon Dishwash Tablets 16 pack on special,https://shop.coles.com.au/wcsstore/Coles-CAS/images/3/6/7/3679128.jpg,COLES,NSW,2060,,,,,
1660019494-108,OMO Active Clean Front & Top Loader Laundry Detergent Washing Powder, $12.00 ,https://shop.coles.com.au/a/national/product/omo-active-clean-front-top-loader-laundry-powder-2731561p,OMO Active Clean Front & Top Loader Laundry Detergent Washing Powder 2kg on special,https://shop.coles.com.au/wcsstore/Coles-CAS/images/2/7/3/2731561.jpg,COLES,NSW,2060,,,,,
1660019419-77,Suimin Prawn & Chicken Noodle Cup, $0.92 ,https://shop.coles.com.au/a/national/product/suimin-noodles-cup-prawn-chicken,Suimin Prawn & Chicken Noodle Cup 70g on special half price,https://shop.coles.com.au/wcsstore/Coles-CAS/images/1/9/2/192386.jpg,COLES,NSW,2060,,,,,
1660019470-98,Uncle Tobys Oats Quick Sachets Classic Variety, $2.90 ,https://shop.coles.com.au/a/national/product/sachets-classic-variety,Uncle Tobys Oats Quick Sachets Classic Variety 350g on special,https://shop.coles.com.au/wcsstore/Coles-CAS/images/3/9/9/3992527.jpg,COLES,NSW,2060,,,,,
1660019484-104,Bref Blue Active Toilet Cleaner Eucalyptus, $3.00 ,https://shop.coles.com.au/a/national/product/bref-blue-active-toilet-cleaner-eucalyptus,Bref Blue Active Toilet Cleaner Eucalyptus 50g on special,https://shop.coles.com.au/wcsstore/Coles-CAS/images/3/0/3/3032819.jpg,COLES,NSW,2060,,,,,
1660019455-92,Cuddly Soft & Sensitive Fabric Conditioner, $4.50 ,https://shop.coles.com.au/a/national/product/cuddly-ultra-fabric-softener-sensitive,Cuddly Soft & Sensitive Fabric Conditioner 1L on special,https://shop.coles.com.au/wcsstore/Coles-CAS/images/7/3/1/7319328.jpg,COLES,NSW,2060,,,,,
1660019412-74,Vege Chips Deli Crisps Lentil Lightly Salted, $3.25 ,https://shop.coles.com.au/a/national/product/vege-deli-lentils-crips,Vege Chips Deli Crisps Lentil Lightly Salted 100g on special,https://shop.coles.com.au/wcsstore/Coles-CAS/images/2/4/9/2492198.jpg,COLES,NSW,2060,,,,,
1660019422-78,Mars Chocolate Snickers, $1.00 ,https://shop.coles.com.au/a/national/product/snickers-chocolate-bar,Mars Chocolate Snickers 44g on special,https://shop.coles.com.au/wcsstore/Coles-CAS/images/2/4/5/245868.jpg,COLES,NSW,2060,,,,,
1660019477-101,Biozet Attack Liquid Plus Softener, $12.00 ,https://shop.coles.com.au/a/national/product/biozet-attack-plus-softener,Biozet Attack Liquid Plus Softener 2L on special,https://shop.coles.com.au/wcsstore/Coles-CAS/images/3/1/9/3196430.jpg,COLES,NSW,2060,,,,,
1660019441-86,Radiant Laundry Powder Whites & Colours, $10.00 ,https://shop.coles.com.au/a/national/product/laundry-pwdr-whts-clrs-3997940p-1,Radiant Laundry Powder Whites & Colours 2kg on special,https://shop.coles.com.au/wcsstore/Coles-CAS/images/3/9/9/3997940.jpg,COLES,NSW,2060,,,,,
1660019407-72,Cadbury Soft Biscuit Choc Centre, $2.00 ,https://shop.coles.com.au/a/national/product/cadbury-cookie-crunchie-choc,Cadbury Soft Biscuit Choc Centre 156g on special half price,https://shop.coles.com.au/wcsstore/Coles-CAS/images/2/9/9/2994232.jpg,COLES,NSW,2060,,,,,
1660019426-80,Dove Beauty Bar Shea Butter, $2.10 ,https://shop.coles.com.au/a/national/product/shea-butter-5259371p-1,Dove Beauty Bar Shea Butter 2 pack on special,https://shop.coles.com.au/wcsstore/Coles-CAS/images/5/2/5/5259371.jpg,COLES,NSW,2060,,,,,
1660019436-84,Sard Power Spray, $3.00 ,https://shop.coles.com.au/a/national/product/sard-power-spray,Sard Power Spray 450mL on special,https://shop.coles.com.au/wcsstore/Coles-CAS/images/4/4/7/4471199.jpg,COLES,NSW,2060,,,,,
1660019414-75,Dolmio Extra Red Wine & Italian Herbs Pasta Sauce, $1.75 ,https://shop.coles.com.au/a/national/product/dolmio-extra-pasta-sauce-red-wine-italian-herb,Dolmio Extra Red Wine & Italian Herbs Pasta Sauce 500g on special half price,https://shop.coles.com.au/wcsstore/Coles-CAS/images/1/2/7/1274442.jpg,COLES,NSW,2060,,,,,
1660019487-105,Cadbury Chocolate Fingers Milk Biscuits, $2.00 ,https://shop.coles.com.au/a/national/product/cadbury-chocolate-fingers-milk-biscuits,Cadbury Chocolate Fingers Milk Biscuits 114g on special half price,https://shop.coles.com.au/wcsstore/Coles-CAS/images/3/0/2/3029905.jpg,COLES,NSW,2060,,,,,
1660019410-73,Bref Power Active Toilet Cleaner Fresh Flowers, $3.00 ,https://shop.coles.com.au/a/national/product/bref-power-active-fresh-flowers,Bref Power Active Toilet Cleaner Fresh Flowers 50g on special,https://shop.coles.com.au/wcsstore/Coles-CAS/images/2/7/3/2731492.jpg,COLES,NSW,2060,,,,,
1660019480-102,Gold Sunset Vegetable Oil, $16.00 ,https://shop.coles.com.au/a/national/product/gold-sunset-vegetable-oil,Gold Sunset Vegetable Oil 4L on special,https://shop.coles.com.au/wcsstore/Coles-CAS/images/3/2/3/3234030.jpg,COLES,NSW,2060,,,,,
1660019438-85,Bulla Murray St Hazelnut Fudge 4 Pack, $7.00 ,https://shop.coles.com.au/a/national/product/hazelnut-fudge-4pk,Bulla Murray St Hazelnut Fudge 4 Pack 400mL on special,https://shop.coles.com.au/wcsstore/Coles-CAS/images/4/4/5/4455159.jpg,COLES,NSW,2060,,,,,
1660019443-87,Queen Victoria English Breakfast Extra Strong Tea Bags, $5.50 ,https://shop.coles.com.au/a/national/product/english-bf-extra-strong-3984766p-1,Queen Victoria English Breakfast Extra Strong Tea Bags 100 pack on special,https://shop.coles.com.au/wcsstore/Coles-CAS/images/3/9/8/3984766.jpg,COLES,NSW,2060,,,,,
1660019502-111,Mars Chocolate Bar with Nougat & Caramel, $1.00 ,https://shop.coles.com.au/a/national/product/mars-bar-chocolate-bar,Mars Chocolate Bar with Nougat & Caramel 47g on special,https://shop.coles.com.au/wcsstore/Coles-CAS/images/1/3/8/138201.jpg,COLES,NSW,2060,,,,,
1660019466-96,Easy Off Drain Maintenance Odour Stop, $7.50 ,https://shop.coles.com.au/a/national/product/odour-stop-750ml,Easy Off Drain Maintenance Odour Stop 750mL on special,https://shop.coles.com.au/wcsstore/Coles-CAS/images/5/0/0/5009476.jpg,COLES,NSW,2060,,,,,
1660019424-79,Campbell's Country Ladle Soup Can Butternut Pumpkin, $1.75 ,https://shop.coles.com.au/a/national/product/campbells-country-ladle-soup-butternut-pumpkin,Campbell's Country Ladle Soup Can Butternut Pumpkin 505g on special,https://shop.coles.com.au/wcsstore/Coles-CAS/images/7/1/6/7165858.jpg,COLES,NSW,2060,,,,,
1660019400-69,Biozet Attack Plus Stain Power, $12.00 ,https://shop.coles.com.au/a/national/product/stain-power-2l,Biozet Attack Plus Stain Power 2L on special,https://shop.coles.com.au/wcsstore/Coles-CAS/images/5/0/9/5095627.jpg,COLES,NSW,2060,,,,,
1660019492-107,Skittles Fruits Chewy Lollies Party Share Bag, $2.50 ,https://shop.coles.com.au/a/national/product/skittles-funsize-fruit,Skittles Fruits Chewy Lollies Party Share Bag 180g on special,https://shop.coles.com.au/wcsstore/Coles-CAS/images/2/9/1/2914018.jpg,COLES,NSW,2060,,,,,
1660019433-83,Vittoria Freeze Dried Mountain Grown Instant Coffee, $5.50 ,https://shop.coles.com.au/a/national/product/freeze-dried-mountain-grown-instant-coffee,Vittoria Freeze Dried Mountain Grown Instant Coffee 100g on special,https://shop.coles.com.au/wcsstore/Coles-CAS/images/4/7/3/4737365.jpg,COLES,NSW,2060,,,,,
1660019445-88,Hask Argan Oil Conditioner, $8.00 ,https://shop.coles.com.au/a/national/product/hask-argan-conditioner,Hask Argan Oil Conditioner 355mL on special half price,https://shop.coles.com.au/wcsstore/Coles-CAS/images/2/9/4/2940299.jpg,COLES,NSW,2060,,,,,
1660019459-94,Connoisseur Ice Cream Belgian Chocolate, $6.00 ,https://shop.coles.com.au/a/national/product/nestle-connoisseur-ice-cream-belgian-choc,Connoisseur Ice Cream Belgian Chocolate 1L on special,https://shop.coles.com.au/wcsstore/Coles-CAS/images/8/5/9/8591487.jpg,COLES,NSW,2060,,,,,
1660019450-90,La Zuppa Roasted Pumpkin Soup Pouch, $2.50 ,https://shop.coles.com.au/a/national/product/la-zuppa-soup-pouches-roasted-pumpkin,La Zuppa Roasted Pumpkin Soup Pouch 540g on special,https://shop.coles.com.au/wcsstore/Coles-CAS/images/1/1/6/1163328.jpg,COLES,NSW,2060,,,,,
1660019463-95,Golden Circle Tropical Punch Tetra Fruit Drink, $1.35 ,https://shop.coles.com.au/a/national/product/golden-circle-fruit-drink-tropical-punch,Golden Circle  Tropical Punch Tetra Fruit Drink 1L on special half price,https://shop.coles.com.au/wcsstore/Coles-CAS/images/3/2/5/325730.jpg,COLES,NSW,2060,,,,,
1660019417-76,Continental Cup A Soup Creamy Chicken with Croutons Serves 2, $1.20 ,https://shop.coles.com.au/a/national/product/continental-cup-a-soup-creamy-chicken-with-croutons,Continental Cup A Soup Creamy Chicken with Croutons Serves 2 60g on special,https://shop.coles.com.au/wcsstore/Coles-CAS/images/9/1/5/9151344.jpg,COLES,NSW,2060,,,,,
1660019431-82,Arnott's Sourdough Crackers Cheddar & Roast Garlic, $2.25 ,https://shop.coles.com.au/a/national/product/crackers-cheddar-garlic,Arnott's Sourdough Crackers Cheddar & Roast Garlic 150g on special half price,https://shop.coles.com.au/wcsstore/Coles-CAS/images/4/8/7/4871131.jpg,COLES,NSW,2060,,,,,
1660019497-109,"Dolmio Extra Tomato, Onion & Roast Garlic Pasta Sauce", $1.75 ,https://shop.coles.com.au/a/national/product/dolmio-extra-pasta-sauce-tomato-onion-garlic,"Dolmio Extra Tomato, Onion & Roast Garlic Pasta Sauce 500g on special half price",https://shop.coles.com.au/wcsstore/Coles-CAS/images/1/2/7/1274464.jpg,COLES,NSW,2060,,,,,
1660019482-103,Vege Chips Deli Crisps Purple Sweet Potato, $3.25 ,https://shop.coles.com.au/a/national/product/vege-deli-crips-purple-sweet-potato,Vege Chips Deli Crisps Purple Sweet Potato 100g on special,https://shop.coles.com.au/wcsstore/Coles-CAS/images/2/8/9/2898283.jpg,COLES,NSW,2060,,,,,
1660019504-112,Suimin Braised Beef Noodle Cup, $0.92 ,https://shop.coles.com.au/a/national/product/suimin-noodles-cup-braised-beef,Suimin Braised Beef Noodle Cup 70g on special half price,https://shop.coles.com.au/wcsstore/Coles-CAS/images/1/9/2/192364.jpg,COLES,NSW,2060,,,,,
